"Timestamp","Username","1. Are you a user of Prime Video?","2. How often do you turn on dub with Amazon Prime Video? ","3. How would you rate the ease of accessing dub preferences on Prime Video? ","4. On a scale of 1-10, how helpful would saving dub
 preferences to your profile settings be? For instance, if you would always prefer Spanish dub, this will be set as your preference for all videos. ","5. How would having a quicker and easier access to filtering your preferences be? For instance, if you would like to turn off you preset preferences for dub (like from the previous example), you could easily turn it off without returning to the profile settings or click into the actual video. "," 6. How often do you use the following filter to filter your search?","7. How would a more detailed search filter improve your browsing experience? For instance, subtitles and CC are being separated into different drop-down instead of being together, and people can search in audio preferences to look for their preference for dubbed, audio description, and dialogue boost","8. Would these dub preferences (like Q4) and filters (like Q5) help you search for media with your preferred dub language?","9. What is one feature that you would like to have on Prime video to improve Prime Video's accessibility as a user for the dub filter/feature?"
"2025/01/08 3:05:16 AM GMT","pranitha05r@gmail.com","Yes","7","9","8","10","3","","Yes",""
"2025/01/14 6:45:41 PM GMT","jessicahe004@gmail.com","Yes","10","7","7","7","7","not sure","Yes","CC/filter/feature preferences per show for instance when i watch anime (or foreign languages) kdramas vs regular english shows as a native english speaker"
"2025/01/09 7:30:15 AM GMT","drawinggirl618@gmail.com","Yes","7","5","9","8","6","","Yes",""
"2025/01/08 3:15:11 AM GMT","mazahaka1112@gmail.com","Yes","7","9","10","8","1","","Yes",""
"2025/01/10 7:06:59 PM GMT","hairuzeng@gmail.com","No","6","7","8","7","1","","Yes",""
"2025/01/10 7:11:23 PM GMT","shadowghost163@gmail.com","Yes","6","4","10","9","2","","Yes",""
"2025/01/07 6:52:35 PM GMT","kelvinandreshau@gmail.com","Yes","5","8","10","8","1","","Yes",""
"2025/01/08 2:45:37 AM GMT","kt33takahashi@gmail.com","Yes","7","4","10","10","1","","Yes","I would like generated subtitles or additional options more easily accessible 
"
"2025/01/10 5:00:52 PM GMT","camyrivera1@gmail.com","Yes","10","7","10","9","4","","Yes",""